Gender,sum,count,prop
Female,13,3404,0.00381903642773208
Male,85,19083,0.004454226274694754
