Gender,count,mean,median
Female,13,19021.337921727405,15487.7807017544
Male,85,14622.545343653255,5263.15789473684
