chi2,p_value,dof,n,cramers_v,n_provinces_tested,min_count_threshold
93.69464778634502,8.250192793720945e-17,8,618176,0.0123112264996393,9,100
