n_zip_codes,n_records,lr_statistic,p_value,zip_variance
593,604872,1615725.2856673545,0.0,2.576429459417495e-06
